Date;Post Category;Product Name;Product Category;Price;Type;Mark;Posts;Member;Comments;Reactions;Views;Link
19/09/2024;Sharing;Null;Null;0;Sharing;Fake;Lagi seru ngoleksi Stitch nih, lucu lucu buat pajangan hehe;Fika Amel;2;3;7;https://www.facebook.com/groups/cpcm.id/posts/385009287994881/
20/09/2024;Sharing;Null;Null;0;Sharing;Fake;Ada yang double nih, sapa tau ada yang mau tukeran;Yora Putri;0;3;5;https://www.facebook.com/groups/cpcm.id/posts/387999084362568/
20/09/2024;Sharing;Null;Null;0;Sharing;Fake;"Ke CPCM ngumpulin tiket ❌❌ ngumpulin kartu ✅✅✅
Hahaha. Cakep cakep banget kartunya";Aurelia Rianto;0;3;9;https://www.facebook.com/groups/cpcm.id/posts/385242421304901/
21/09/2024;Sharing;Null;Null;0;Sharing;Fake;Hasil tukeran kmrn 😁😁 lumayan buat main sama ponakan;Diana Novia;0;2;7;https://www.facebook.com/groups/cpcm.id/posts/385709041258239/
21/09/2024;Sharing;Null;Null;0;Sharing;Fake;Sisaan tiket ditukerin ini aja deh, buat anak 👍;Rangga Maulana;1;2;20;https://www.facebook.com/groups/cpcm.id/posts/385902751238868/
22/09/2024;Selling;Keyboard Wireless CPCM Tsum Tsum Sakura Edition;Merchandise ;400000;Selling;Real;"baru banget
kalo mau enakan meet up";Jeannie Augustine;2;4;7;https://www.facebook.com/groups/cpcm.id/posts/386399561189187/
23/09/2024;Sharing;Null;Null;0;Sharing;Fake;30 ribu ticket dapet figurin kece dark knight 😎;Abi Anzas;0;2;5;https://www.facebook.com/groups/cpcm.id/posts/387443244418152/
24/09/2024;Sharing;Null;Null;0;Sharing;Fake;ada yg punya yang lain ga ? mau koleksi nih 😔;Dera Liswa;0;3;5;https://www.facebook.com/groups/cpcm.id/posts/387999084362568/
24/09/2024;Sharing;Null;Null;0;Sharing;Fake;lumayan gede bugs bunnynya 😳;Nia Purnama;0;2;4;https://www.facebook.com/groups/cpcm.id/posts/388079717687838/
26/09/2024;Sharing;Null;Null;0;Sharing;Fake;Nambahin koleksi stitch hehehe;Ayu Nengsih;0;2;4;https://www.facebook.com/groups/cpcm.id/posts/389507260878417/
26/09/2024;Sharing;Null;Null;0;Sharing;Fake;berburu yang ke 10x baru bisa dapet chipi. 1 mainan 13 token 😎;Elga Aulis;0;1;4;https://www.facebook.com/groups/cpcm.id/posts/389800647515745/
27/09/2024;Sharing;Null;Null;0;Sharing;Fake;duhh mau ngumpulin para Sofubi nih..;Rika Dwi;1;0;5;https://www.facebook.com/groups/cpcm.id/posts/390270180802125/
27/09/2024;Sharing;Null;Null;0;Sharing;Fake;ya lumayanlah dapet hadiah ini todeyy;Rita Andrianu;0;1;4;https://www.facebook.com/groups/cpcm.id/posts/390402210788922/
28/09/2024;Sharing;Null;Null;0;Sharing;Fake;Mission accomplished✌🏻;Marriel La;0;2;5;https://www.facebook.com/groups/cpcm.id/posts/390762797419530/
28/09/2024;Selling;Indo CPCM Sanrio Card;Null;0;Selling;Real;"Indo CPCM Sanrio Card
Full set 12 cards/set 
✔️foil (12.500 tickets)
✔️transparent (8.888 tickets)
Pm for order

*Menjual juga kartu satuan";Marriel La;0;1;5;https://www.facebook.com/groups/cpcm.id/posts/390761217419688/
29/09/2024;Sharing;Null;Null;0;Sharing;Fake;gemeushhh;Usi Sulastri;0;1;4;https://www.facebook.com/groups/cpcm.id/posts/391792427316567/
30/09/2024;Sharing;Null;Null;0;Sharing;Fake;Hasil main sama adek abis pulang sekolah 😛;Anisa Naya;0;2;3;https://www.facebook.com/groups/cpcm.id/posts/392752270553916/
01/10/2024;Sharing;Null;Null;0;Sharing;Fake;LUCUUUUU, buat dipeluk pas bobo :p;Shifa Haju;0;1;3;https://www.facebook.com/groups/cpcm.id/posts/393473297148480/
01/10/2024;Sharing;Null;Null;0;Sharing;Fake;next nya bola toy story dibelakang ☺️;Adila Putri;0;1;3;https://www.facebook.com/groups/cpcm.id/posts/393336757162134/
02/10/2024;Sharing;Null;Null;0;Sharing;Fake;pengen tapi tiketnya kurang :';Amel Diana;0;1;4;https://www.facebook.com/groups/cpcm.id/posts/394306113731865/
02/10/2024;Sharing;Null;Null;0;Sharing;Fake;dapet juga temennya si tom muehehehehe;Shifa Haju;1;0;3;https://www.facebook.com/groups/cpcm.id/posts/394374257058384/
03/10/2024;Sharing;Null;Null;0;Sharing;Fake;gokil arcade baru di mall;Yugi Prayoga;0;2;5;https://www.facebook.com/groups/cpcm.id/posts/395031433659333/
03/10/2024;Sharing;Null;Null;0;Sharing;Fake;hampir dapet :');Ninda Ayu;0;1;5;https://www.facebook.com/groups/cpcm.id/posts/394872150341928/
04/10/2024;Sharing;Null;Null;0;Sharing;Fake;setelah main beberapa kali finally dapet hadiah yg aku mau :D;Cici Citata;0;1;6;https://www.facebook.com/groups/cpcm.id/posts/395663760262767/
05/10/2024;Sharing;Null;Null;0;Sharing;Fake;woww CPCM carstenz malming ini banyak banget yang main 😳;Devi Chelsea;0;3;5;https://www.facebook.com/groups/cpcm.id/posts/396636160165527/
05/10/2024;Sharing;Null;Null;0;Sharing;Fake;"Weekend dirumah ❌
Weekend di cpcm ☑️
baru dapet 1000 tiket wkwkw gassss";Riyan Suheri;0;3;5;https://www.facebook.com/groups/cpcm.id/posts/396471323515344/
06/10/2024;Sharing;Null;Null;0;Sharing;Fake;hampir semua nya punya kecuali kuromi :') kalo ada yang punya mau trade dongg;Wika Salim;4;2;5;https://www.facebook.com/groups/cpcm.id/posts/397073280121815/
07/10/2024;Sharing;Null;Null;0;Sharing;Fake;dapet juga dompet versi kuromi dari sini wkwkwk 🥰😍;Wika Salim;0;1;3;https://www.facebook.com/groups/cpcm.id/posts/397955856700224/
08/10/2024;Sharing;Null;Null;0;Sharing;Fake;Ikutan fomo ah 😁;Fitri Ayu;0;1;3;https://www.facebook.com/groups/cpcm.id/posts/398513249977818/
08/10/2024;Sharing;Null;Null;0;Sharing;Fake;balik lagi sore buat main lagi wkwkw kecanduan;Rania Zia;1;1;3;https://www.facebook.com/groups/cpcm.id/posts/398793363283140/
08/10/2024;Sharing;Null;Null;0;Sharing;Fake;cek di aliexpress kok lumayan harganya :p;Fina Deli;1;1;5;https://www.facebook.com/groups/cpcm.id/posts/395775990251544/
08/10/2024;Sharing;Null;Null;0;Sharing;Fake;gabut siang siang, nyari boneka aja deh;Rania Zia;0;1;3;https://www.facebook.com/groups/cpcm.id/posts/398597606636049/
09/10/2024;Sharing;Null;Null;0;Sharing;Fake;Cuti masih banyak, mampir bentar ke cpcm PV 🎮🕹;Gesya Nia;0;1;2;https://www.facebook.com/groups/cpcm.id/posts/399248316570978/
10/10/2024;Sharing;Null;Null;0;Sharing;Fake;Kmren dapet bantal winnie the pooh sekarang tumbler nya 😆😁;Icha Armeta;2;4;15;https://www.facebook.com/groups/cpcm.id/posts/399987363163740/
11/10/2024;Sharing;Null;Null;0;Sharing;Fake;pengen main ke labubu cpcm deh masa ada yg 7x main udah dapet mereka :');Shifa Haju;1;0;5;https://www.facebook.com/groups/cpcm.id/posts/394374257058384/
11/10/2024;Sharing;Null;Null;0;Sharing;Fake;labubu pertama 😚😚;Fifah Runi;0;1;1;https://www.facebook.com/groups/cpcm.id/posts/400893466406463/
14/10/2024;Sharing;Null;Null;0;Sharing;Fake;MASIH SENENG BANGET BISA DAPET INI CUMA 10X MAINN :DDDDD;Citra Kirama;1;4;3;https://www.facebook.com/groups/cpcm.id/posts/403164452846031/
15/10/2024;Sharing;Null;Null;0;Sharing;Fake;Wuih seru banget,hampir aja dapet. Kalau ak jadi dia,ak main trs sampe dapet 😭;Qiara Nizas;0;1;2;https://www.facebook.com/groups/cpcm.id/posts/403947262767750/
15/10/2024;Sharing;Null;Null;0;Sharing;Fake;mesin yang ini banyak menang nya cuy, sering dapet random prize yang tiketnya gede banget wkwkwk;Hasan Aji;0;3;3;https://www.facebook.com/groups/cpcm.id/posts/404045632757913/
15/10/2024;Sharing;Null;Null;0;Sharing;Fake;"rela ngantri pagi"" dari belum buka toko sampai jadi customer pertama,demi mendapatkan labubu 🫶";Alzahra Dina;0;3;4;https://www.facebook.com/groups/cpcm.id/posts/404194902742986/
16/10/2024;Sharing;Null;Null;0;Sharing;Fake;sekalian pamer kartunya deh wkwkw;Resti Anaya;0;1;3;https://www.facebook.com/groups/cpcm.id/posts/404950239334119/
16/10/2024;Sharing;Null;Null;0;Sharing;Fake;Sering lewat sini, pagi pagi aja udah rame ya;Riki Hadi;0;2;3;https://www.facebook.com/groups/cpcm.id/posts/404695479359595/
16/10/2024;Sharing;Null;Null;0;Sharing;Fake;Ikutan pamer hasil hunting hari deh 😁😁😆;Resti Anaya;0;1;4;https://www.facebook.com/groups/cpcm.id/posts/404853639343779/
17/10/2024;Sharing;Null;Null;0;Sharing;Fake;perdana main;Lia Nayla;0;1;2;https://www.facebook.com/groups/cpcm.id/posts/405443369284806/
18/10/2024;Sharing;Null;Null;0;Sharing;Fake;dapet green men dragon edition guysss;Jihan Maura;0;3;6;https://www.facebook.com/groups/cpcm.id/posts/406489839180159/
19/10/2024;Sharing;Null;Null;0;Sharing;Fake;target hari ini buat si doi, mumpung malming sama dia hahaha;Jaya Haetono;0;3;6;https://www.facebook.com/groups/cpcm.id/posts/407178809111262/
20/10/2024;Sharing;Null;Null;0;Sharing;Fake;"ya ampun CPCM skrng ada di event"". event dino roar di CP aja skrng ad";Erni Wati;0;2;6;https://www.facebook.com/groups/cpcm.id/posts/407853862377090/
21/10/2024;Sharing;Null;Null;0;Sharing;Fake;buat cewe sih tapi lumayan beli 6 coin udah dapet, thank you kerena banget event cpcm di CP;Kafell Kafi;0;4;6;https://www.facebook.com/groups/cpcm.id/posts/408535998975543/
21/10/2024;Sharing;Null;Null;0;Sharing;Fake;liat orang main pada gampang bener dapetnya;Kadhim Kafathan;0;2;6;https://www.facebook.com/groups/cpcm.id/posts/408647322297744/
22/10/2024;Sharing;Null;Null;0;Sharing;Fake;"CPCM ini ada event"" kaya tournament ga ya";Laabid Labib;4;5;6;https://www.facebook.com/groups/cpcm.id/posts/409140538915089/
22/10/2024;Sharing;Null;Null;0;Sharing;Fake;Kocak banget jerry nya 🥹😂;Labid Labial;0;2;5;https://www.facebook.com/groups/cpcm.id/posts/409469465548863/
23/10/2024;Sharing;Null;Null;0;Sharing;Fake;Kali ada yang mau barengan main di cpcm PV;Lazuardi Liam;1;2;5;https://www.facebook.com/groups/cpcm.id/posts/410056608823482/
23/10/2024;Sharing;Null;Null;0;Sharing;Fake;kelupaan versi tom pas ketimpa brankas 🤣;Labid Labial;0;2;4;https://www.facebook.com/groups/cpcm.id/posts/409848668844276/
25/10/2024;Sharing;Null;Null;0;Sharing;Fake;Abis jatoh sekali next capit nya langsung dapet lol;Liqayat Liwauddin;0;1;3;https://www.facebook.com/groups/cpcm.id/posts/411437322018744/
25/10/2024;Sharing;Null;Null;0;Sharing;Fake;next target guys wkwkkw, tergila gila sama pokemon di cpcm;Liqayat Liwauddin;0;1;4;https://www.facebook.com/groups/cpcm.id/posts/411602508668892/
26/10/2024;Sharing;Null;Null;0;Sharing;Fake;rare ga ya ?;Liqayat Lotfallah;0;1;3;https://www.facebook.com/groups/cpcm.id/posts/412067088622434/
27/10/2024;Sharing;Null;Null;0;Sharing;Fake;yaelah 8x main ga dapet dapet kemaren, blm hoki;Lotfi Luay;0;2;2;https://www.facebook.com/groups/cpcm.id/posts/412762601886216/
28/10/2024;Sharing;Null;Null;0;Sharing;Fake;lepas penat abis kerja, yg mau join gw kasih tiket cuma cuma sini, gas mall cartenz;Lutfi Lutfallah;1;0;14;https://www.facebook.com/groups/cpcm.id/posts/413768238452319/
28/10/2024;Sharing;Null;Null;0;Sharing;Fake;Jatoh 2 ujung ujungnya cuma yg ayam yang dapet kmrn 😂;Lajlaj Layyin;1;3;15;https://www.facebook.com/groups/cpcm.id/posts/413489798480163/
29/10/2024;Sharing;Null;Null;0;Sharing;Fake;Ada yang mau tukeran sanrio hello kity sama pompompurin atau cinamoroll g;Wijayanto Pohan;1;0;3;https://www.facebook.com/groups/cpcm.id/posts/414260658403077/
29/10/2024;Sharing;Null;Null;0;Sharing;Fake;to cute to pass up 🫶;Eva Kiki;0;3;4;https://www.facebook.com/groups/cpcm.id/posts/414424158386727/
30/10/2024;Sharing;Null;Null;0;Sharing;Fake;Di CPCM banyak banget boneka dari Disney sama pixar, suka bangett 😍😍🥰;Keyla Amita;0;2;3;https://www.facebook.com/groups/cpcm.id/posts/414888951673581/
30/10/2024;Sharing;Null;Null;0;Sharing;Fake;keren juga disini lagi suasana halloween;Mutia Padila;1;3;15;https://www.facebook.com/groups/cpcm.id/posts/415252318303911/
31/10/2024;Sharing;Null;Null;0;Sharing;Fake;Ada yang tau mesin mana yang paling gampang dapet tiket ga? lagi butuh banyakkk;Ochi Rosidana;4;8;40;https://www.facebook.com/groups/cpcm.id/posts/416010751561401/
01/11/2024;Sharing;Null;Null;0;Sharing;Fake;panen gaeeees;Wiwi Anita;0;3;14;https://www.facebook.com/groups/cpcm.id/posts/416551461507330/
01/11/2024;Trading;Null;Null;0;Trading;Fake;Ada yang punya kartu tsum tsum dari cny, Disney 100, dan seasonal ga?;Bran Bud;5;4;17;https://www.facebook.com/groups/cpcm.id/posts/416487981513678/
02/11/2024;Sharing;Null;Null;0;Sharing;Fake;main solar system kemarin 100 ribu dapet 4700an tiket, rekor kalian berapa nih ? 😁;Widia Rahmana;4;7;11;https://www.facebook.com/groups/cpcm.id/posts/418519824643827/
02/11/2024;Sharing;Null;Null;0;Sharing;Fake;first customer di weekend !;Yanita Mirna;0;3;14;https://www.facebook.com/groups/cpcm.id/posts/417061258123017/
02/11/2024;Sharing;Null;Null;0;Sharing;Fake;dapet kartu haloween abis top up kemarin, buat koleksi 🥰;Juliana Caisar;0;2;12;https://www.facebook.com/groups/cpcm.id/posts/417214871440989/
03/11/2024;Sharing;Null;Null;0;Sharing;Fake;emng guede guede polll boneka boneka di cpcm wwkwkw;Rahmana Wiwi;0;1;6;https://www.facebook.com/groups/cpcm.id/posts/417787971383679/
04/11/2024;Sharing;Null;Null;0;Sharing;Fake;game on 🔥🔥🌝;Dwi Yanti;0;1;5;https://www.facebook.com/groups/cpcm.id/posts/418699517959191/
05/11/2024;Sharing;Null;Null;0;Sharing;Fake;jerry bowling wkwkwk;Cintya Yuyum;1;3;4;https://www.facebook.com/groups/cpcm.id/posts/419158264579983/
06/11/2024;Trading;Marvel Avengers Vibranium Metal Card;Card;0;Trading;Fake;Ada yang punya kartu Marvel Avengers Vibranium Metal Card yang red marvel ?;Marina Aulia;1;3;2;https://www.facebook.com/groups/cpcm.id/posts/419834117845731/
06/11/2024;Sharing;Null;Null;0;Sharing;Fake;ramein ah;Nina Yuliana;0;3;3;https://www.facebook.com/groups/cpcm.id/posts/420060947823048/
07/11/2024;Sharing;Null;Null;0;Sharing;Fake;yg alien mau banget buat ditaro dashboard mobillll;Rina Asih;0;1;14;https://www.facebook.com/groups/cpcm.id/posts/420799391082537/
07/11/2024;Sharing;Null;Null;0;Sharing;Fake;Salam kenal semua 🤓;Safitri Eliya;0;1;2;https://www.facebook.com/groups/cpcm.id/posts/420520307777112/
08/11/2024;Selling;CPCM halloween hantu 3 set;Card;3000000;Selling;Real;"Mw jual halloween card juga mumpung udah desember,

ambil 1 full set dari happy halloween + hantu2nya 3juta (lebih murah 300k dari tokped 😁)

Total tiket kalo mau ditukerin : 120 000 tiket

Ayo diborong sebelum gabisa d trade lagi";Ian Vernadi;1;0;43;https://www.facebook.com/groups/cpcm.id/posts/442234935605649/
08/11/2024;Sharing;Null;Null;0;Sharing;Fake;kartu tsum tsum aku banyak banget woi;Siva Ningsih;0;4;11;https://www.facebook.com/groups/cpcm.id/posts/421439414351868/
08/11/2024;Sharing;Null;Null;0;Sharing;Fake;4 lagi bisa yuk 🥰;Juliana Caisar;0;4;10;https://www.facebook.com/groups/cpcm.id/posts/421213551041121/
08/11/2024;Sharing;Null;Null;0;Sharing;Fake;complete !;Dinar Cindy;0;3;16;https://www.facebook.com/groups/cpcm.id/posts/428350936994049/
09/11/2024;Sharing;Null;Null;0;Sharing;Fake;rame juga group cpcm yg ini, salam kenal baru sekali main di cpcm 😃;Hanafi Cahyanto;0;1;19;https://www.facebook.com/groups/cpcm.id/posts/422175817611561/
09/11/2024;Sharing;Null;Null;0;Sharing;Fake;😁;Intan Putri;0;4;20;https://www.facebook.com/groups/cpcm.id/posts/421936717635471/
10/11/2024;Trading;Null;Null;0;Trading;Real;Trade kartu disini bisa kah?;Juan Felix;0;0;27;https://www.facebook.com/groups/cpcm.id/posts/422847997544343/
10/11/2024;Sharing;Null;Null;0;Sharing;Fake;gaharrr 😎😎, yang mau langsung PM aja;Rianto Fauzin;0;4;19;https://www.facebook.com/groups/cpcm.id/posts/422908150871661/
11/11/2024;Sharing;Null;Null;0;Sharing;Fake;baru tukerin CHIP & DALE Figurine, mau pamer aja ya ga dijual 🤣;Dodi Putra;2;8;12;https://www.facebook.com/groups/cpcm.id/posts/423681517460991/
11/11/2024;Sharing;Null;Null;0;Sharing;Fake;Baru join cpcm nih, biasa nongkrong di timez*ne hehe;Ikbal Wahy;6;13;20;https://www.facebook.com/groups/cpcm.id/posts/423417237487419/
12/11/2024;Sharing;Null;Null;0;Sharing;Fake;Ada yang mau barengan main di cpcm cartenz nanti malem ?;Suja Efendy;0;3;10;https://www.facebook.com/groups/cpcm.id/posts/424130907416052/
12/11/2024;Selling;Dragon glow in the dark;Merchandise ;2000000;Selling;Fake;Barangkali ada yang berminat beli. 2.000K aja gading serpong;Elisabeth;2;4;19;https://www.facebook.com/groups/cpcm.id/posts/424233734072436/
12/11/2024;Sharing;Null;Null;0;Sharing;Fake;Shio kambing merapat;Dimas Anggra;0;3;11;https://www.facebook.com/groups/cpcm.id/posts/424336820728794/
13/11/2024;Sharing;Null;Null;0;Sharing;Fake;my fav 🥰;Velicia Silva;2;8;20;https://www.facebook.com/groups/cpcm.id/posts/424795090682967/
13/11/2024;Sharing;Null;Null;0;Sharing;Fake;sisa daisy sama donald hehehe;Winda Wiranto;0;3;8;https://www.facebook.com/groups/cpcm.id/posts/425030487326094/
14/11/2024;Sharing;Null;Null;0;Sharing;Fake;"racing di jalan ❌
racing di cpcm with the boy ✅";Deni Cahyadi;0;1;5;https://www.facebook.com/groups/cpcm.id/posts/425456540616822/
15/11/2024;Selling;Disney100 metal, donald series;Card;2000000;Selling;;"Haloo, mau jualan Disney100 metal sama donald series metal yah, buat harga bakal tergantung seri nya juga semacam pinnochio 100/100 bakal lebih mahal karena angka cantik

Saya buka harga Disney 100 2juta kalo bukan yang nomor cantik dan donald series metal 1juta kecuali donald fistbump";Ian Vernadi;3;7;19;https://www.facebook.com/groups/cpcm.id/posts/426154390547037/
16/11/2024;Sharing;Null;Null;0;Sharing;Fake;detik detik lol;Hapizan Mulyana;0;4;18;https://www.facebook.com/groups/cpcm.id/posts/426775690484907/
17/11/2024;Sharing;Null;Null;0;Sharing;Fake;baru seginiii perburuan hari ini, mau ngumpulin terus D:;Lulu Safana;0;4;16;https://www.facebook.com/groups/cpcm.id/posts/427669200395556/
18/11/2024;Sharing;Null;Null;0;Sharing;Fake;koleksi aku 😝;Meivina Gunawan;0;3;7;https://www.facebook.com/groups/cpcm.id/posts/428124080350068/
20/11/2024;Selling;Labubu;Merchandise ;999000;Selling;Fake;"Mau jual aj karna bukan pengemar labubu 😂 tp iseng main. Amsiong jg main smpe 66x 😔
Jual best price no nego. Area gading serpong 999rb gmn guys?";Elisabeth;2;5;21;https://www.facebook.com/groups/cpcm.id/posts/429861936842949/
20/11/2024;Sharing;Null;Null;0;Sharing;Fake;"yang mau bisa coret"" di dm ya";Gunadi Herdi;0;2;6;https://www.facebook.com/groups/cpcm.id/posts/429501936878949/
21/11/2024;Sharing;Null;Null;0;Sharing;Fake;standar aja guyss 😗;Fiya Maulida;0;1;5;https://www.facebook.com/groups/cpcm.id/posts/430420976787045/
22/11/2024;Sharing;Null;Null;0;Sharing;Fake;kartu punya si bocil, but its rare 😝;Fanca Wati;0;2;3;https://www.facebook.com/groups/cpcm.id/posts/430849426744200/
23/11/2024;Sharing;Null;Null;0;Sharing;Real;Jual sepaket ajaa yaa.. minat DM Hehe;Elisabeth;0;2;16;https://www.facebook.com/groups/cpcm.id/posts/431368646692278/
23/11/2024;Sharing;Null;Null;0;Sharing;Fake;salam kenal semua, ijin gabung ya.;Agus Otoy;0;1;13;https://www.facebook.com/groups/cpcm.id/posts/431688773326932/
23/11/2024;Sharing;Null;Null;0;Sharing;Fake;Wiii. Dapet tsum tsum christmas tree dari CPCM Kuji. Pas banget sebentar lagi mau xmas 🫶 Tq CPCM for early gift;Cici Mivana;0;2;13;https://www.facebook.com/groups/cpcm.id/posts/431793046649838/
24/11/2024;Selling;CPCM halloween hantu 3 set;Card;0;Selling;;permisi kak, ini saya kurang satu lagi kartunya, ada yang minat trade ? thank you;William Ananda;10;5;18;https://www.facebook.com/groups/cpcm.id/posts/432484763247333/
24/11/2024;Sharing;Null;Null;0;Sharing;Fake;pamer walau blm seberapa, ijin sepuh 🙏😁;Indra Roni;0;2;13;https://www.facebook.com/groups/cpcm.id/posts/432528856576257/
25/11/2024;Sharing;Null;Null;0;Sharing;Fake;dikit ajaa;Fadil Fardana;0;1;9;https://www.facebook.com/groups/cpcm.id/posts/433305923165217/
25/11/2024;Sharing;Null;Null;0;Sharing;Fake;diajarin salah satu pemain kemarin gengs;Romi Dafi;0;3;12;https://www.facebook.com/groups/cpcm.id/posts/432966913199118/
26/11/2024;Sharing;Null;Null;0;Sharing;Fake;ga main, cuma kok kayaknya seru yaa wkkwkw;Reno Bagas;0;1;9;https://www.facebook.com/groups/cpcm.id/posts/433901229772353/
26/11/2024;Sharing;Null;Null;0;Sharing;Fake;glowing gaes;Adifa Radit;0;2;8;https://www.facebook.com/groups/cpcm.id/posts/433643059798170/
27/11/2024;Sharing;Null;Null;0;Sharing;Fake;lotso lovers. meee !! 🫶🫶🫶;Era Eri;0;1;7;https://www.facebook.com/groups/cpcm.id/posts/434497086379434/
28/11/2024;Selling;CPCM Lucky Dragon 180mm;Merchandise ;0;Selling;Real;"WTS CPCM Lucky Dragon 180mm
🎁Stitch
🎁Alien
New (barang dibuka plastik hanya untuk difoto)
Buka kotak dr CPCM untuk cek kondisi
Bisa COD CPCM Pluit Village
📪JNE / JNT
🛍️Shopee + admin fee
Minat PM aj ya😇✨

Kalau ada tawaran trade / nego juga welcome☺️";Marriel La;0;3;20;https://www.facebook.com/groups/cpcm.id/posts/435103772985432/
28/11/2024;Sharing;Halloween Edition;Card;70000;Sharing;Real;"WTS Card Edisi Halloween SATUAN 70K 🤩
Gass PM 🫶🏻";Angeline Tan;0;1;38;https://www.facebook.com/groups/cpcm.id/posts/434804029682073/
28/11/2024;Selling;Inside Out 2;Card;200000;Selling;Real;"WTS INSIDE OUT2 FULL SET 🫶🏻 
Tersedia 8 set dan satuan juga yaa guyss
Siap COD PV 🤓";Angeline Tan;0;1;39;https://www.facebook.com/groups/cpcm.id/posts/434791369683339/
28/11/2024;Sharing;Null;Null;0;Sharing;Fake;one of my favourites, tapi kalo ada yg offer boleh lah ya hehehe;Tia Ria;0;1;5;https://www.facebook.com/groups/cpcm.id/posts/435279602967849/
28/11/2024;Selling;Disney100;Card;200000;Selling;Real;"WTS DISNEY100 FULL SET 😺
Tersedia 8 set dan satuan juga yaa, PM
Siap COD PV ☺️";Angeline Tan;2;0;79;https://www.facebook.com/groups/cpcm.id/posts/434795263016283/
28/11/2024;Selling;Inside Out 2;Card;200000;Selling;Real;"WTS INSIDE OUT2 FULL SET 🫶🏻 
Tersedia 8 set dan satuan juga yaa guyss
Siap COD PV 🤓";Angeline Tan;0;2;19;https://www.facebook.com/groups/cpcm.id/posts/434791369683339/
28/11/2024;Sharing;Null;Null;0;Sharing;Fake;one of my favourites, tapi kalo ada yg offer boleh lah ya hehehe;Tia Ria;0;0;5;https://www.facebook.com/groups/cpcm.id/posts/435279602967849/
28/11/2024;Selling;Disney Tsum Tsum Christmas Tree;Merchandise ;500000;Selling;Fake;Disney Tsum Tsum Christmas Tree;Angeline Tan;0;2;17;https://www.facebook.com/groups/cpcm.id/posts/434812216347921/
29/11/2024;Selling;CPCM halloween hantu 3 set;Card;900000;Selling;Real;"WTS 1 nya Rp 900.000, kalau sepasang Rp 1.500.000 or Offer 

preferably meet up pas transaksi, bisa di carstenzs atau PV 
info lebih lanjut bisa per WA (fast respond) 082140244538
Thank you ^^";Ucok Tukul;2;4;22;https://www.facebook.com/groups/cpcm.id/posts/435776216251521/
29/11/2024;Sharing;Null;Null;0;Sharing;Fake;Keren si ini modelnya, cuma harnya 2,644,000 TICKETS 😭;Tari Utami;0;1;1;https://www.facebook.com/groups/cpcm.id/posts/435746356254507/
30/11/2024;Selling;CPCM Lucky Dragon 88mm;Merchandise ;0;Selling;Real;"WTS CPCM Lucky Dragon 88mm
🎁Stitch Rose Gold
🎁Pooh Gold
🎁Dale Silver 
New (barang dibuka plastik hanya untuk difoto)
Buka kotak dr CPCM untuk cek kondisi
Bisa COD CPCM Pluit Village
📪JNE / JNT
🛍️Shopee + admin fee
Minat PM aj ya😇✨

Kalau ada tawaran trade / nego juga welcome☺️";Marriel La;0;1;8;https://www.facebook.com/groups/cpcm.id/posts/436404912855318/
30/11/2024;Sharing;Null;Null;0;Sharing;Fake;tiket dari cpcm malaysia bisa di tuker di cpcm indo ga ya? punya anak 😁;Abi Bimo;3;0;24;https://www.facebook.com/groups/cpcm.id/posts/436431229519353/
30/11/2024;Selling;CPCM Lucky Dragon 88mm;Merchandise ;0;Selling;Real;"WTS CPCM Lucky Dragon 88mm
🎁Stitch Rose Gold
🎁Pooh Gold
🎁Dale Silver 
New (barang dibuka plastik hanya untuk difoto)
Buka kotak dr CPCM untuk cek kondisi
Bisa COD CPCM Pluit Village
📪JNE / JNT
🛍️Shopee + admin fee
Minat PM aj ya😇✨

Kalau ada tawaran trade / nego juga welcome☺️";Marriel La;1;2;22;https://www.facebook.com/groups/cpcm.id/posts/436404912855318/
03/12/2024;Selling;Disney train series;Card;150000;Selling;Real;"Haloo, numpang posting jualan yahh, barang barang di tokped bisa di nego karena ada tax dari tokpednya

COD di tempat lebih bagus lagi kalo bisa 😁

Oh, yang belum kita posting ada Disney train series, bukan Disney100, kartunya ribet bnyk bnr jadi males sortingan nya

https://tokopedia.link/iZRD3o8b1Ob";Ian Vernadi;0;3;22;https://www.facebook.com/groups/cpcm.id/posts/438562195972923/
04/12/2024;Sharing;Null;Null;0;Sharing;Fake;cutee;Dewita Rahmatia;0;1;10;https://www.facebook.com/groups/cpcm.id/posts/439428085886334/
05/12/2024;Trading;Hawk Eye Marvel;Card;0;Trading;Real;Looking for this card. Anyone selling . Please private message me, ship to Singapore . Thank you.;Henry Phua;2;3;24;https://www.facebook.com/groups/cpcm.id/posts/439887905840352/
05/12/2024;Sharing;Null;Null;0;Sharing;Fake;cakep banget warna warnanya 🥰🥰;Renata Novita;0;2;18;https://www.facebook.com/groups/cpcm.id/posts/439880022507807/
05/12/2024;Sharing;Null;Null;0;Sharing;Fake;ada yang punya Tsum Tsum Zodiac Metallic Family Chinese New Year Edition ?;Icha Anissa;0;1;7;https://www.facebook.com/groups/cpcm.id/posts/440064405822702/
07/12/2024;Sharing;Null;Null;0;Sharing;Fake;😉😉;Restu Pratiwi;0;2;18;https://www.facebook.com/groups/cpcm.id/posts/441205595708583/
07/12/2024;Sharing;Null;Null;0;Sharing;Fake;healing2 sambil nukerin kartu kembar;Renan Luthanto;0;3;18;https://www.facebook.com/groups/cpcm.id/posts/441363939026082/
08/12/2024;Sharing;Null;Null;0;Sharing;Fake;;Rama Dhonny;1;1;51;https://www.facebook.com/groups/cpcm.id/posts/591059490723192/
08/12/2024;Sharing;Null;Null;0;Sharing;Fake;ga punya yg kiri kanan, laku berapa ya ?;Khane Maura;1;0;44;https://www.facebook.com/groups/cpcm.id/posts/441891198973356/
09/12/2024;Sharing;Null;Null;0;Sharing;Fake;senin berkah 🥰🥰;Dinar Cindy;0;4;19;https://www.facebook.com/groups/cpcm.id/posts/442818838880592/
09/12/2024;Sharing;Null;Null;0;Sharing;Fake;gila yg dibelakang gede bangett 😂;Haghia Sofia;0;1;18;https://www.facebook.com/groups/cpcm.id/posts/442603592235450/
10/12/2024;Selling;Disney Dream Castle Foil Set;Card;1500000;Selling;Real;"Mau jual full set Disney dream castle foil set :
Lady and the trump : 300k
Bambi 300k
Lion king 100k
Stitch 100k
Jungle book 100k
Pinnochio 100k
Aristocats 100k
101 dalmatians 100k
Dumbo 100k
Fantasia 100k
Alice 100k
Peter pan 100k

Full set : 1500k
Non foil set : 200k
Domisili pluit village ya";Ian Vernadi;2;2;21;https://www.facebook.com/groups/cpcm.id/posts/443532458809230/
10/12/2024;Sharing;Null;Null;0;Sharing;Fake;ada yang punya juga ?;Cahyadi Ajita;2;0;8;https://www.facebook.com/groups/cpcm.id/posts/443442368818239/
10/12/2024;Trading;Spongebob;Card;0;Trading;Fake;yang suka spongebob kali mau tuker sama cpcm halloween haha;Fabian Riski;0;2;16;https://www.facebook.com/groups/cpcm.id/posts/443516722144137/
11/12/2024;Trade;CPCM halloween hantu 3 set;Card;0;Trading;Real;Open for trade, saya cari kartu halloween tengah, tukar dengan bagian kanan atau kiri :);Decy Triwidya;4;0;42;https://www.facebook.com/groups/cpcm.id/posts/444052265423916/
11/12/2024;Trade;Sakura Maleficent Foil;Card;0;Trading;Real;# Ada yang TT atau beli Sakura Maleficent foil ?;Adriana Jesica;3;2;17;https://www.facebook.com/groups/cpcm.id/posts/444000512095758/
11/12/2024;Sharing;Null;Null;0;Sharing;Fake;nukerin apa yaaa 😁;Herlina Berlian;0;1;18;https://www.facebook.com/groups/cpcm.id/posts/444203508742125/
12/12/2024;Sharing;Null;Null;0;Sharing;Fake;dapet dari Smash Stadium wkwkw;Anselma Riant;0;1;15;https://www.facebook.com/groups/cpcm.id/posts/444614918700984/
12/12/2024;Sharing;Null;Null;0;Sharing;Fake;ada yg member diamond disini kah ? 😅😅;Astanri Putt;7;3;17;https://www.facebook.com/groups/cpcm.id/posts/444830048679471/
14/12/2024;Buying;family metal;Card;332500;Buying;Real;Wtb : Mungkin masih ada yang jual family metal harga sginian, masih kurang summer sama sakura 22nya ga prnah nemu;Ian Vernadi;0;1;39;https://www.facebook.com/groups/cpcm.id/posts/445990868563389/
14/12/2024;Sharing;Null;Null;0;Sharing;Fake;ada yang punya flash sama wonder woman ?;Renata Novita;0;1;15;https://www.facebook.com/groups/cpcm.id/posts/445977385231404/
16/12/2024;Sharing;Null;Null;0;Sharing;Fake;Kali ada yang doyan baymax;Tio Suhendar;0;3;12;https://www.facebook.com/groups/cpcm.id/posts/447388431756966/
16/12/2024;Sharing;Null;Null;0;Sharing;Fake;Banyak banget hadiah buat anak anak, dapet mainan baru nihhh;Lauwita Widjaja;0;1;6;https://www.facebook.com/groups/cpcm.id/posts/447612068401269/
18/12/2024;Selling;Koin Saldo;Coin;100000;Selling;Real;"Permisi kakak2 ijin jual koin saldo yaa
Rp. 100ribu = 70 koin
(Kalau beli di CPCM Rp. 100ribu dapat 58 koin)
Rp. 350ribu = 245 koin
(Kalau beli di CPCM Rp. 350ribu dapat 224 koin)
Rp. 500ribu = 385 koin
(Kalau beli di CPCM Rp. 500ribu dapat 360 koin)
Rp. 1.500.000 = 1200 koin
(Kalau beli di CPCM Rp. 1.500.000 dapat 1128 koin)

CASH ON DELIVERY at CPCM Pluit Village
Pembayaran boleh cash / transfer, langsung dikeluarin koinnya di tempat. Tidak menerima titip kredit, wajib dibawa langsung semua koin sesuai yang dibeli👍🏻
Minat PM ya☺️ Makasih🙋🏻‍♀️";Marriel La;0;1;20;https://www.facebook.com/groups/cpcm.id/posts/449111588251317/
19/12/2024;Selling;CPCM halloween hantu 3 set;Card;500000;Selling;Real;"Di jual 
yang biasa 1 pcs = 200 rb 
Yang rare 1 pcs = 500 rb 
Buy all for 1,75 jt ( bisa nego ^^ )
Preferably di carstenzs meetup untuk dealnya";Anonymous participant;0;4;15;https://www.facebook.com/groups/cpcm.id/posts/449397881556021/
19/12/2024;Sharing;Null;Null;0;Sharing;Fake;Gede bet wkwkwk;Fitri Choiriyah;0;1;12;https://www.facebook.com/groups/cpcm.id/posts/449565828205893/
20/12/2024;Sharing;Null;Null;0;Sharing;Fake;modal 50k aja berasa dewa judi megang chips begini wkwkw;Fedric Farid;0;1;12;https://www.facebook.com/groups/cpcm.id/posts/450372754791867/
20/12/2024;Sharing;Null;Null;0;Sharing;Fake;Sigh 😩;Maulida Agata;0;1;12;https://www.facebook.com/groups/cpcm.id/posts/450180968144379/
20/12/2024;Sharing;Null;Null;0;Sharing;Real;"Loot hari ini kartu rare metallic azik

Bisa dilepas di 1.5 kalo ada yang mau 😁";Ian Vernadi;2;4;16;https://www.facebook.com/groups/cpcm.id/posts/450460908116385/
21/12/2024;Trading;CPCM Shio;Card;0;Trading;Real;WTT CPCM Shio, punya yg babi, mau tuker sama Kambing;Supahandi Ronald;2;0;41;https://www.facebook.com/groups/cpcm.id/posts/450913361404473/
21/12/2024;Sharing;Null;Null;0;Sharing;Fake;waktu nya di abisin ni tiket 😌;Karina Listya;0;1;11;https://www.facebook.com/groups/cpcm.id/posts/451049401390869/
23/12/2024;Sharing;Null;Null;0;Sharing;Fake;Yang butuh bisa coret coret;Wicaksono Febrian;0;1;8;https://www.facebook.com/groups/cpcm.id/posts/452331017929374/
24/12/2024;Sharing;Null;Null;0;Sharing;Fake;udah pada mulai libur kayaknya;Rufaldi Liam;0;1;5;https://www.facebook.com/groups/cpcm.id/posts/453059107856565/
28/12/2024;Buying;CPCM halloween hantu 3 set;Card;0;Buying;Real;;Rama Dhonny;1;1;51;https://www.facebook.com/groups/cpcm.id/posts/591059490723192/
02/01/2025;Trading;Null;Null;90000;Trading;Real;WTS / WTT, 90k/1pcs ready tokped;Dul Duloh;0;1;33;https://www.facebook.com/groups/cpcm.id/posts/459295777232898/
03/01/2025;Sharing;Null;Null;0;Sharing;Fake;Lucu banget wkwkw;Ernica Watias;0;2;31;https://www.facebook.com/groups/cpcm.id/posts/460142387148237/
03/01/2025;Selling;Null;Null;25000;Selling;Real;25k/piece ready tokped shopee;Hadi Nanahan;0;1;33;https://www.facebook.com/groups/cpcm.id/posts/459968803832262/
04/01/2025;Selling;Null;Null;300000;Selling;Fake;Ada yg pengen? 300k aja deh hehe 😁;Enci Suh;0;1;32;https://www.facebook.com/groups/cpcm.id/posts/460665043762638/
04/01/2025;Buying;CPCM halloween hantu 3 set;Card;0;Buying;Real;Yang ada rare tengah infoo;Edric A;9;6;40;https://www.facebook.com/groups/cpcm.id/posts/460853827077093/
05/01/2025;Selling;Disney100;Card;12000;Selling;Real;Buat koleksi yuk kk kk, 12k aja per piece;Renata Novita;2;1;35;https://www.facebook.com/groups/cpcm.id/posts/461457627016713/
06/01/2025;Trading;CPCM halloween hantu 3 set;Card;0;Trading;Real;Open trade untuk kartu2 dibawah ini :);Decy Triwidya;13;1;35;https://www.facebook.com/groups/cpcm.id/posts/462086210287188/
06/01/2025;Buying;CPCM halloween hantu 3 set;Card;0;Buying;Real;WTB kartu halloween cpcm rare tengah 🫰;Budi Setiawan;4;2;39;https://www.facebook.com/groups/cpcm.id/posts/462249266937549/
08/01/2025;Buying;CPCM halloween hantu 3 set;Card;0;Buying;Real;;Rama Dhonny;1;1;51;https://www.facebook.com/groups/cpcm.id/posts/591059490723192/
09/01/2025;Sharing;Null;Null;0;Sharing;Real;guys cabang moi buka bln ini ya? ad event / promo ga yaa;Melli Tjhang;3;0;30;https://www.facebook.com/groups/cpcm.id/posts/464141973414945/
11/01/2025;Trading;CPCM halloween hantu 3 set;Card;500000;Trading;Real;(UPDATED) open trade non rare, aku butuhnya (ghost, alchemist, banaspati, medusa ) kartu rare jual murah aja krna pnyku uda lengkap set 27cards hehehe kalau ga ad yg perlu besok mau kutuker semua🥳🥳;Melli Tjhang;6;1;40;https://www.facebook.com/groups/cpcm.id/posts/465471189948690/
11/01/2025;Selling;One Piece Card Game;Merchandise ;20000;Selling;Real;ada yg suka ginian? kujual semua dpt 17packs ini. soalnya gak ngerti buat apaan haha;Melli Tjhang;3;0;36;https://www.facebook.com/groups/cpcm.id/posts/465478729947936/
12/01/2025;Buying;CPCM Dream Castle;Card;0;Buying;Real;Lg nyari ini juga Dream Castle yang ada info yaa;Edric A;3;1;64;https://www.facebook.com/groups/cpcm.id/posts/466491659846643/
12/01/2025;Selling;CPCM Sanrio;Card;0;Selling;Real;Lagi nyari yang ada kartu Sanrio ini boleh chat yaa;Edric A;1;2;76;https://www.facebook.com/groups/cpcm.id/posts/466487426513733/
12/01/2025;Buying;CPCM Dream Castle;Card;0;Buying;Real;Lagi nyari juga Dream Castle Sakura yang ini;Edric A;2;2;35;https://www.facebook.com/groups/cpcm.id/posts/466489613180181/
16/01/2025;Selling;Spiderman Metal ;Card;400000;Selling;Real;"Wts > new spiderman metal, smua varian 200k each kcuali hulk 400k yah

Belakangnya beda juga art nya lumayan banget";Ian Vernadi;0;1;34;https://www.facebook.com/groups/cpcm.id/posts/469095956252880/
16/01/2025;Selling;Disney100, Tsum Tsum;Card;0;Selling;Real;barangkali ada yg mau tukeran / saya jual per pcs bisa cod pluit/moi atau via ijo/oren;Tasia Dwi Lestari;1;0;35;https://www.facebook.com/groups/cpcm.id/posts/468932692935873/
16/01/2025;Sharing;Null;Null;0;Sharing;Real;"ketika barang yg dituker segede gaban ;)";Jeannie Augustine;0;1;32;https://www.facebook.com/groups/cpcm.id/posts/468842162944926/
17/01/2025;Selling;CPCM halloween hantu 3 set;Card;0;Selling;Real;WTS kartu halloween CPCM rare kiri dan rare kanan. Harga SOLD OUT;Budi Setiawan;6;4;35;https://www.facebook.com/groups/cpcm.id/posts/469807736181702/
18/01/2025;Selling;Null;Null;0;Selling;Fake;yang mau koleksi metal card bisa nampung ini 😃;Renata Novita;0;4;32;https://www.facebook.com/groups/cpcm.id/posts/470210722808070/
20/01/2025;Selling;CPCM Cinamorol;Card;30000;Selling;Fake;Cinamorol lagi tidur, 30k;Supahandi Ronald;0;3;33;https://www.facebook.com/groups/cpcm.id/posts/471580586004417/
22/01/2025;Sharing;Null;Null;0;Sharing;Fake;😊😊;Isa Adena;0;3;31;https://www.facebook.com/groups/cpcm.id/posts/472956435866832/
23/01/2025;Sharing;Null;Null;0;Sharing;Fake;Fans pokemon kaya saya langsung ngiler liatnya haha;Feri Irawan;2;3;33;https://www.facebook.com/groups/cpcm.id/posts/473636765798799/
24/01/2025;Trading;CPCM Sanrio;Card;0;Trading;Fake;WTT sanrio kuromi + family sama Badzmaru;Olivia Eqi;0;3;27;https://www.facebook.com/groups/cpcm.id/posts/474295899066219/
25/01/2025;Sharing;Null;Null;0;Sharing;Fake;lagi lemes wkwk;Romi Dafi;0;2;27;https://www.facebook.com/groups/cpcm.id/posts/474975498998259/
25/01/2025;Buying;CPCM Spongebob London;Card;0;Buying;Real;Ada yang jual kartu spongebob london kah? Kalau ada mungkin tertarik membeli 🙏;Andre Schurle;1;0;25;https://www.facebook.com/groups/cpcm.id/posts/474988785663597/
26/01/2025;Trading;CPCM halloween hantu 3 set;Card;0;Trading;Real;Open trade yang ada kartu halloween buto ijo. Trade sm kartu tengah. Pm thankyou.;Angeline Tan;4;1;31;https://www.facebook.com/groups/cpcm.id/posts/476108418884967/
27/01/2025;Sharing;Null;Null;0;Sharing;Fake;Udah mulai suasananya 😁;Mutia Padila;0;1;27;https://www.facebook.com/groups/cpcm.id/posts/476418928853916/
30/01/2025;Sharing;Null;Null;0;Sharing;Fake;Keluar teruuss #cpcmcartenz;Keyla Amita;0;1;16;https://www.facebook.com/groups/cpcm.id/posts/478497821979360/
15/02/2025;Trading;Metallic Stitch;Card;0;Trading;Real;Ada yg mau tuker sama metallic stitch ?;Ferdina Lorissa Jinanda;1;3;35;https://www.facebook.com/groups/cpcm.id/posts/495174983644977/
23/02/2025;Sharing;Null;Null;0;Sharing;Real;dikit aja 馃榿馃榿;Erdin Yafero;1;3;36;https://www.facebook.com/groups/cpcm.id/posts/496363113526164/
23/02/2025;Sharing;Null;Null;0;Sharing;Fake;woilah ada tukerang emas di cabang moi;Herlina Berlian;0;1;37;https://www.facebook.com/groups/cpcm.id/posts/492979650531177/
23/02/2025;Sharing;Null;Null;0;Sharing;Real;"Mau share sama nanya aja, kemaren anak main Dream Castle dan dapat kartu metal.

Bapak nya main tsum tsum dan dapat metal juga. Ada yg tau ga catalogue kartu metal CPCM bisa lihat dimana ya? Mau liat liat list kartu metal yg pernah di release sama CPCM鈥yukur syukur ada foto fotonya. Cakep juga dikoleksi nih kartu metal.

Atau kalo ada yg mau share koleksi kartu kartu metal CPCM nya disini silahkan ya.";Harry Benyamin;0;1;47;https://www.facebook.com/groups/cpcm.id/posts/490777250751417/
24/02/2025;Selling;Snow White Card;Card;0;Selling;Real;Metal card snow white pm :);Lucky Adrianto;2;3;47;https://www.facebook.com/groups/cpcm.id/posts/496416443520831/
25/02/2025;Selling;CPCM Metalic Card;Card;0;Selling;Real;Mungkin ada yang nyari metallic pm yak;Lucky Adrianto;3;2;45;https://www.facebook.com/groups/cpcm.id/posts/497372996758509/
26/02/2025;Selling;Labubu;Merchandise ;0;Selling;Real;Hai saya mau jual merch labubu, silahkan pm ya yang minat :);Edina Rekjo;0;1;34;https://www.facebook.com/groups/cpcm.id/posts/497995136696295/
26/02/2025;Selling;CPCM Sanrio;Card;0;Selling;Real;Dijual sanrio joyfull, diutamakan paketan ya :);Ochi Rosidana;3;5;37;https://www.facebook.com/groups/cpcm.id/posts/497773363385139/
27/02/2025;Sharing;Null;Null;0;Sharing;Fake;yuhuuuu 馃グ;Teca Iyi;4;4;37;https://www.facebook.com/groups/cpcm.id/posts/498572429971899/
28/02/2025;Buying;CPCM Baymax;Card;0;Buying;Real;Nyari kartu sushi baymax, TT or tawarin aja 馃檹;Samuel Maxwell;9;4;37;https://www.facebook.com/groups/cpcm.id/posts/499380639891078/
28/02/2025;Selling;Merchandise Toy Story;Merchandise ;30000;Selling;Real;Mau jual ini dari pada disimpen aja, 30rb 1 nya ya 馃檹;Edhina Oudika;2;0;32;https://www.facebook.com/groups/cpcm.id/posts/499239433238532/
01/03/2025;Selling;CPCM Sanrio;Card;0;Selling;Real;Buat pecinta Sanrio siap2 di indo juga kek gini 馃ぃ馃ぃ馃ぃ di sg udah mulai #cpcminfo;Xaverius Rifal;7;5;46;https://www.facebook.com/groups/cpcm.id/posts/499899183172557/
01/03/2025;Selling;CPCM Ticket;Ticket;2600000;Selling;Real;"Kartu diamond CPCM + 2.6jt tiket
Cod / toped / shoppe
Lok tangerang

Wa 081380939109";Monic Mon;2;0;77;https://www.facebook.com/groups/cpcm.id/posts/499906416505167/
02/03/2025;Sharing;Null;Null;0;Sharing;Fake;Just info ada koleksi baru dari mainan sushi rolls wkwk;Deeniel Bhetel;0;1;35;https://www.facebook.com/groups/cpcm.id/posts/492976043864871/
02/03/2025;Selling;Merchandise Spy x Family;Merchandise ;350000;Selling;Real;Spy x Family merch 350 rb per karakter yaa;Nadia Witania;0;1;42;https://www.facebook.com/groups/cpcm.id/posts/491987243963751/
02/03/2025;Selling;CPCM Disney 100 Card;Card;0;Selling;Real;Wts  pm;Lucky Adrianto;6;5;58;https://www.facebook.com/groups/cpcm.id/posts/524027427426399/
03/03/2025;Selling;Tsum Tsum EEYORE;Card;0;Selling;Real;WTS Tsum Tsum EEYORE Metal, COD GS atau bisa kirim kirim juga lewat Marketplace ya;Basagita Jakquin;2;1;35;https://www.facebook.com/groups/cpcm.id/posts/501386923023783/
03/03/2025;Trading;CPCM Ticket;Ticket;100000;Trading;Real;Bagi anda yang ingin tukar barang di CPCM tapi kurang tiket bisa hubungi saya, saya punya sekitar 600rb tiket di dalam kartu saya. Jadi caranya kita ketemuan di CPCM Pluit Village untuk tukarkan poin sama-sama. Ketentuan di CPCM bisa pakai 2 kartu untuk nukar hadiah tapi dengan syarat harus pemilik kartu hadir. Jadi saya mau jual tiket saya dengan harga 10.000 tiket = Rp 100.000. PM saya saja untuk info lebih lanjut;Franz Petteson;2;1;40;https://www.facebook.com/groups/cpcm.id/posts/501358226359986/
05/03/2025;Selling;CPCM Marvel Spiderman;Card;0;Selling;Real;WTS CPCM Marvel Spiderman, atau mau tukeran dengan tsum tsum juga ok. Kirim kirim only ya thank you;Nanda Karen Aulia;2;1;34;https://www.facebook.com/groups/cpcm.id/posts/502901869538955/
05/03/2025;Sharing;Null;Null;0;Sharing;Fake;Size nya ga main main wkwkw;Rohana Clerensia Hana;0;2;33;https://www.facebook.com/groups/cpcm.id/posts/503050329524109/
06/03/2025;Sharing;Null;Null;0;Sharing;Fake;Lagi ada promo bonus top up 20% tiap hari tuh dijam 4-7 malam. Kayaknya spesial Ramadhan 馃き;Anselma Riant;0;1;31;https://www.facebook.com/groups/cpcm.id/posts/503697409459401/
07/03/2025;Selling;Metal Card;Card;0;Selling;Real;Metallic card yang minat pm ya;Lucky Adrianto;2;2;41;https://www.facebook.com/groups/cpcm.id/posts/504411872721288/
07/03/2025;Selling;CPCM Sanrio;Card;0;Selling;Real;Hai sanrio lovers, aku ada lebih yg melody sama kitty, boleh tukeran atau jual juga boleh kalau minat ya. terima kasih;Febri Arita;0;2;33;https://www.facebook.com/groups/cpcm.id/posts/504403336055475/
08/03/2025;Trading;Metal Card;Card;0;Trading;Real;"Mungkin ada yg mau trade sama kartu metal yg lain dari seri DC atau Disney

Boleh langsung comment ya. Thankyou";Harry Benyamin;2;2;41;https://www.facebook.com/groups/cpcm.id/posts/496458336849975/
08/03/2025;Sharing;Null;Null;0;Sharing;Fake;Jago jago banget orang main game ginian haha;Bastian Bastara;0;1;32;https://www.facebook.com/groups/cpcm.id/posts/505197769309365/
09/03/2025;Sharing;Null;Null;0;Sharing;Fake;labubu pertama di cpcm moi :D;Rio Kevin Parwanto;0;1;55;https://www.facebook.com/groups/cpcm.id/posts/489961054166370/
10/03/2025;Selling;Meddalion;Merchandise ;0;Selling;Real;Medallion unyu buat pajangan, murah aja ya pm me;Baltasar Umuel;6;4;29;https://www.facebook.com/groups/cpcm.id/posts/506485559180586/
10/03/2025;Sharing;Null;Null;0;Sharing;Fake;Duo imoetttt 馃槏;Wahyuni Setiadi Arjayana;0;2;28;https://www.facebook.com/groups/cpcm.id/posts/506689065826902/
11/03/2025;Sharing;Null;Null;0;Sharing;Fake;Iseng nyobain cabang baru;Immanuel Kud;0;2;30;https://www.facebook.com/groups/cpcm.id/posts/507447702417705/
13/03/2025;Selling;CPCM Kazama;Card;0;Selling;Real;WTS CPCM Kazama atau boleh tuker sama yang lain;Yanita Mirna;0;2;27;https://www.facebook.com/groups/cpcm.id/posts/508748995620909/
13/03/2025;Sharing;Null;Null;0;Sharing;Fake;bos lagi main 馃榿;Wiwi Anita;0;1;25;https://www.facebook.com/groups/cpcm.id/posts/508890575606751/
14/03/2025;Sharing;Null;Null;0;Sharing;Fake;Ada yang tau ini kena berapa tiket ya ?;Ivan Jason;3;5;40;https://www.facebook.com/groups/cpcm.id/posts/509466828882459/
14/03/2025;Selling;Air Purifier Toy Story;Merchandise ;300000;Selling;Real;Disney Toy Story Alien air purifier, 300k;Wade Kevin Ian;0;1;26;https://www.facebook.com/groups/cpcm.id/posts/509739722188503/
15/03/2025;Sharing;Null;Null;0;Sharing;Fake;Saatnya ngeluarin tabungan tiket buat koleksi merch one piece 馃榿;Hendar Baja;0;2;29;https://www.facebook.com/groups/cpcm.id/posts/510542345441574/
17/03/2025;Selling;CPCM Sanrio;Card;50000;Selling;Real;Sanrio joyfull ball 50ribu @each, ambil 3 3nya diskon ya :);Heri Suhagi;0;3;28;https://www.facebook.com/groups/cpcm.id/posts/511709988658143/
17/03/2025;Sharing;Null;Null;0;Sharing;Fake;manfaatin bonus ngabuburit nya wkwkw;Endani Kangjevitan;0;2;22;https://www.facebook.com/groups/cpcm.id/posts/511929588636183/
18/03/2025;Selling;Null;Null;0;Selling;Fake;Merch to sell, 125 aja, nego yaa thanks;Adrian Hendra;1;2;30;https://www.facebook.com/groups/cpcm.id/posts/502133949615747/
18/03/2025;Sharing;Null;Null;0;Sharing;Fake;"menggabut ngitungin mesin rhythm di cpcm Carstensz wkwkw

MaiMai: 5 set (10 mesin/kabinet)
CHUNITHM: 4 set (8 mesin/kabinet)
SDVX: 2 Mesin/Kabinet
Gitadora: 2 Mesin/Kabinet
PIU: 2 Mesin/Kabinet
Nostalgia: 2 Mesin/Kabinet";Daniel Dul;0;4;23;https://www.facebook.com/groups/cpcm.id/posts/512476555248153/
18/03/2025;Trading;CPCM Tsum Tsum Sakura;Card;0;Trading;Fake;CPCM tsum tsum sakura, mau tukeran sama yang summer atau christmas, buat yang mau beli juga silahkan ya. Thank you;Rohana Clerensia Hana;0;3;24;https://www.facebook.com/groups/cpcm.id/posts/512682008560941/
19/03/2025;Buying;Marvel Metal Card;Card;0;Buying;Real;Nyari santai captain marvel metal card yang limited;Handika Hadi;2;3;30;https://www.facebook.com/groups/cpcm.id/posts/513203975175411/
21/03/2025;Selling;Meddalion;Merchandise ;50000;Selling;Real;for sale only, 50k / pcs;Enci Suh;0;1;21;https://www.facebook.com/groups/cpcm.id/posts/514700201692455/
23/03/2025;Sharing;Null;Null;0;Sharing;Fake;Cakep beut dipajangg 馃槏馃槏;Tari Karina Ilyas;0;1;40;https://www.facebook.com/groups/cpcm.id/posts/491376177358191/
27/03/2025;Selling;Labubu;Merchandise ;0;Selling;Real;Ada yang mau beli ini? Dapat hadiah dari cpcm my;Muhammad Adesyam;1;3;74;https://www.facebook.com/groups/cpcm.id/posts/519433181219157/
01/04/2025;Selling;Merchandise Upset Duck V3;Merchandise ;0;Selling;Real;Wts upset duck V3.Ori Dan seal;Ferdy Haryanto;7;3;67;https://www.facebook.com/groups/cpcm.id/posts/523475720814903/
01/04/2025;Sharing;Null;Null;0;Sharing;Fake;"Tiba tiba jatuh cinta ama mesin pencetak tiket ini ;)";Jeannie Augustine;0;1;58;
02/04/2025;Selling;Labubu;Merchandise ;350000;Selling;Real;WTS Popmart Labubu Fall in wild flower bag, 350 ribu nego tipis ya;Um Faibian;0;1;49;
03/04/2025;Sharing;Null;Null;0;Sharing;Fake;Kemana mana macet, mending berburu boneka (walau baru dpt 1 �);Farisa Tomilda;0;2;51;
04/04/2025;Selling;CPCM Ticket;Ticket;99000;Selling;Real;"Jual tiket CPCM :

10.000 tiket = Rp 99.000

50.000 tiket = Rp 475.000

100.000 tiket = Rp 880.000

PM ke saya saja, kalau ambil di atas 100.000 tiket bisa nego

Lebih bagus COD langsung di pluit village, kalau di MOI atau di carstenz minimal pembelian 100.000 tiket";Franz Petteson;1;4;66;https://www.facebook.com/groups/cpcm.id/posts/525670603928748/
04/04/2025;Selling;Pokemon Journey;Merchandise ;2200000;Selling;Real;WTS sealed Pokemon Journey harga 2.2 juta;Rio Kevin Parwanto;0;2;52;
05/04/2025;Sharing;Null;Null;0;Sharing;Fake;masih pagi udh main rhythm aee;Danu Bobby;0;1;48;
06/04/2025;Sharing;Null;Null;0;Sharing;Fake;THR-an buat dapetin 2 biji ini wkwkwkwk;Ernica Watias;0;2;42;
06/04/2025;Selling;CPCM Spiderman;Card;230000;Selling;Real;For sale, take all 230 aja nego;Rio Kevin Parwanto;0;2;49;
07/04/2025;Selling;CPCM Tweety;Card;0;Selling;Real;WTS tweety kanan sold;Endro Anindito;2;3;53;https://www.facebook.com/groups/cpcm.id/posts/527958373699971/
07/04/2025;Selling;Labubu;Merchandise ;1000000;Selling;Real;labubu for sale, harga murah 1 jt aja bisa shopee thanks;Deeniel Bhetel;0;2;38;
08/04/2025;Sharing;Null;Null;0;Sharing;Fake;sisa liburan kmrn ･ｲ;Erwin Yjkkh;0;2;47;
10/04/2025;Trading;CPCM Disney 100 Card;Card;0;Trading;Real;WTT Disney 100 cinderella dengan ariel;Edina Rekjo;0;1;55;https://www.facebook.com/groups/cpcm.id/posts/530479123447896/
11/04/2025;Selling;CPCM Ticket;Ticket;10000;Selling;Real;WTS Tiket CPCM, per 1000 tiket = 10.000, pengambilan banyak diskon ya :);Teca Iyi;0;2;42;
12/04/2025;Selling;Tsum Tsum Medallion;Merchandise ;50000;Selling;Real;tsum tsum medallion 50/pcs ready tokped ya;Samuel Maxwell;0;1;56;https://www.facebook.com/groups/cpcm.id/posts/532035423292266/
14/04/2025;Selling;Tumbler Mickey Minnie Mouse;Merchandise ;0;Selling;Real;Tumbler Mickey Minnie mouse, dapet tuker dari ticker mau jual aja kalau ada yang mau;Basagita Jakquin;2;0;43;https://www.facebook.com/groups/cpcm.id/posts/533564379806037/
14/04/2025;Selling;Kartu Saldo;Saldo;0;Selling;Real;"Kali aja ada yang mau lanjutin .. 
Lok klp gdg";Stevi Gumulya;6;4;68;https://www.facebook.com/groups/cpcm.id/posts/533659136463228/
15/04/2025;Selling;CPCM Ticket;Ticket;75000;Selling;Real;Wts 10.000 ticket, Cartenz CPCM. Harga 75rb aja, cod on-site only.;Fachri Setiano;5;4;37;https://www.facebook.com/groups/cpcm.id/posts/527324627096679/
15/04/2025;Buying;CPCM Disney;Card;;Buying;Real;Halo semua, apakah ada yang jual kartu berikut ini? Jikalau ada bisa dm ya. 剌晶;Samuel Febrian;4;5;41;https://www.facebook.com/groups/cpcm.id/posts/533127436516398/
15/04/2025;Selling;CPCM Ticket;Ticket;99000;Selling;Real;"Terima kasih atas pesanan 60.000 tiketnya. Ayo siapa lagi yang mau pesan tiket bisa langsung pm ke saya saja.

10.000 tiket = Rp 99.000

50.000 tiket = Rp 475.000

100.000 tiket = Rp 880.000

ambil di atas 100.000 tiket bisa nego tipis

Lebih bagus COD langsung di pluit village, kalau di MOI atau di carstenz minimal pembelian 100.000 tiket";Franz Petteson;0;2;40;
16/04/2025;Selling;Cinderella Fantasia;Card;0;Selling;Real;Sold Cinderella and fantasia, pm yang minat koleksi metallic Disney yang lain ��;Lucky Adrianto;2;1;46;https://www.facebook.com/groups/cpcm.id/posts/535214542974354/
17/04/2025;Selling;CPCM Disney Mettalic;Card;0;Selling;Real;Sold thank you, masih ada koleksi Disney metalic lain;Lucky Adrianto;0;1;39;
20/04/2025;Selling;Lucky Dragon;Merchandise ;0;Selling;Real;WTS Lucky Dragon Stich.. PM nego aja yah 剌松;Shelly Tania;0;4;34;
20/04/2025;Selling;Labubu;Merchandise ;0;Selling;Real;WTS Labubu.. masi diplastik foil yah lum dibuka.. cm kemasan dus aja dibuka buat liat kartu nya.. PM nego aja yah 剌松;Shelly Tania;0;3;35;
21/04/2025;Sharing;Null;Null;0;Sharing;Fake;nyari2 barang inceran walau tiket udh sekarang �;Nanda Karen Aulia;0;3;37;
21/04/2025;Selling;CPCM Ticket;Ticket;99000;Selling;Real;"Terima kasih atas pesanan 50.000 tiketnya. Ayo siapa lagi yang mau pesan tiket bisa langsung pm ke saya saja.

10.000 tiket = Rp 99.000

50.000 tiket = Rp 475.000

100.000 tiket = Rp 880.000

ambil di atas 100.000 tiket bisa nego tipis

Lebih bagus COD langsung di pluit village, kalau di MOI atau di carstenz minimal pembelian 100.000 tiket";Franz Petteson;2;5;40;https://www.facebook.com/groups/cpcm.id/posts/538780662617742/
22/04/2025;Selling;Keychain Disney;Merchandise ;120000;Selling;Real;# Official Keychain Gantungan Kunci Disney 100 CPCM Dragon Special Minnie Mouse, merch dari cabang SG nih, price 120k;Jeffry DRudy;0;2;25;
22/04/2025;Selling;Lotso Blindbox;Merchandise ;0;Selling;Real;WTS Lotso Blindbox CPCM.. PM buat nego yah 剌松剌松;Shelly Tania;0;2;37;
23/04/2025;Selling;CPCM Sanrio Sushi;Card;25000;Selling;Real;"CPCM Sanrio Sushi 坤 Series Minifigures :

1) My Melody  - 25k
2) Hello Kitty  - 30k
3) Gudetama  - 35k
4) Badtz Maru  - 30k
5) Cinnamoroll  - 50k";Febri Arita;0;3;41;
24/04/2025;Buying;CPCM Sanrio Sushi;Card;0;Buying;Real;WTB CPCM SUSHI Pluto (kuning), price negotiable, yg paling minim langsung angkut hehe;Bastian Bastara;0;1;36;
25/04/2025;Selling;CPCM Ticket;Ticket;90000;Selling;Real;"Pesanan 20.000 tiket atas nama M*****. Yang mau pesan tiket bisa langsung pm ke saya saja.

10.000 tiket = Rp 90.000

50.000 tiket = Rp 435.000

100.000 tiket = Rp 850.000

ambil di atas 100.000 tiket bisa nego tipis.

Lebih bagus COD langsung di pluit village, kalau di PIK2 minimal pembelian 50.000 tiket sedangkan di MOI atau di carstenz minimal pembelian 100.000 tiket";Franz Petteson;1;3;39;https://www.facebook.com/groups/cpcm.id/posts/541997122296096/
26/04/2025;Selling;CPCM Disney Classic Retro Foil;Card;0;Selling;Real;# Kartu CPCM Disney classic retro foil holo The Lion King, minat PM ya;Baltasar Umuel;0;2;33;
26/04/2025;Selling;CPCM Fantasia;Card;0;Selling;Real;Fantasia yang minat pm ya;Lucky Adrianto;0;1;31;
30/04/2025;Selling;CPCM halloween hantu 3 set;Card;0;Selling;Real;"WTS cepat
Fast respond 082140244548 (william)";Ucok Tukul;0;1;54;
30/04/2025;Buying;CPCM Sanrio;Card;0;Buying;Real;Lagi nyari yang ada kartu Sanrio ini boleh chat yaa;Edric A;1;2;76;https://www.facebook.com/groups/cpcm.id/posts/466487426513733/
14/05/2025;Selling;CPCM Inside Out;Card;0;Selling;Real;jual murah aja atau mau tuker sama series lain ok ya;Rohana Clerensia Hana;3;4;65;https://www.facebook.com/groups/cpcm.id/posts/555717124257429/
16/05/2025;Selling;CPCM Ticket;Ticket;0;Selling;Real;"Pesanan 60.000 tiket atas nama K*****.  Yang mau pesan tiket bisa langsung pm ke saya saja..

10.000 tiket = Rp 90.000

50.000 tiket = Rp 425.000

100.000 tiket = Rp 820.000

ambil di atas 100.000 tiket bisa nego tipis

Lebih bagus COD langsung di pluit village, kalau di MOI atau di carstenz minimal pembelian 100.000 tiket";Franz Petteson;0;1;54;https://www.facebook.com/groups/cpcm.id/posts/557177400778068/
18/05/2025;Selling;CPCM Disney 100 Snow White;Card;200000;Selling;Real;WTS Disney 100 retro foil snow white, buka harga 200k nego ya ka, thanks;Enci Suh;0;1;61;https://www.facebook.com/groups/cpcm.id/posts/558254530670355/
19/05/2025;Selling;Labubu;Merchandise ;450000;Selling;Real;Dijual labubu buat yang suka :) 450@each ya;Adrian Hendra;0;1;41;
01/06/2025;Buying;CPCM Sushi;Card;0;Buying;Real;WTB CPCM SUSHI Pluto (kuning), price negotiable, yg paling minim langsung angkut hehe;Bastian Bastara;3;1;69;https://www.facebook.com/groups/cpcm.id/posts/541154025713739/
03/06/2025;Selling;CPCM Tsum Tsum;Card;50000;Selling;Real;"Dijual khusus take all
Semuanya 50rb, edisi pensi dan belum laku";Fachri Setiano;1;2;46;https://www.facebook.com/groups/cpcm.id/posts/569936259502182/
03/06/2025;Selling;CPCM Inside Out, Disney 100;Card;0;Selling;Real;"Wts/Jual
PM ya siapa cepet dia dapet
Semua ORI dari mesin cpcm moi dan pv
- Metallic Disney Toy Story
- Metallic Disney Incredibles
- Metallic Disney Little Mermaid
- Foil Disney Sleeping Beauty
- Foil Disney Dumbo
- Foil Disney Cinderella
- Foil Disney Little Mermaid
- Foil Disney Winnie the pooh
- Foil Disney Insideout Sadness
- Foil Disney Insideout Anxiety
- Foil Disney Insideout Embarassment
- Foil Disney Insideout Envy
- Foil Disney Insideout Disgust

Bisa COD di CPCM Moi ya";Steven Sukarsa;3;3;74;https://www.facebook.com/groups/cpcm.id/posts/570017306160744/
04/06/2025;Selling;Tsum Tsum Sakura Tree House;Merchandise;0;Selling;Real;Over The Edge Disney Tsum Tsum Sakura Tree House, buat pajangan rumah cakep nih. For sale ya thanks;Gilang Budiman Ajie;0;1;45;https://www.facebook.com/groups/cpcm.id/posts/570809509414857/
04/06/2025;Buying;CPCM Membership Card;Membership Card;0;Buying;Real;I am interested in buying platinum, Ruby, and diamond membership cards.  I just want to buy the cards, I am not interested in the current number of tickets on them.  Meet and money exchange in person at a cow play location to check the card works.  Message me with the price.;Otis Ramsay;0;1;59;https://www.facebook.com/groups/cpcm.id/posts/570318676130607/
05/06/2025;Sharing;Null;Null;0;Sharing;Real;keren nih barang ilang di cpcm bisa balik lagi :D;Alvin Chandra;0;3;57;https://www.facebook.com/groups/cpcm.id/posts/571574302671711/
07/06/2025;Trading;CPCM Cinnamorol;Card;0;Trading;Real;Mau jual atau tuker cinnamorol card yg ini dong;Karina Listya;3;1;67;https://www.facebook.com/groups/cpcm.id/posts/547971035032038/
07/06/2025;Selling;Stitch Plush Pillow;Merchandise;0;Selling;Real;CPCM Stitch Plush Pillow 38cmx22cm marketplace atau cod pv;Rio Kevin Parwanto;0;2;44;https://www.facebook.com/groups/cpcm.id/posts/572970965865378/
08/06/2025;Buying;CPCM Flynn, Nohara, Hello Kitty;Card;0;Buying;Real;"I want to give the following tickets to obtain the cards

Flynn (transparent) - 700 tickets
Hello Kitty (transparent) 800 tickets
Nohara fire (transparent) - 600 tickets

Thanks!";Otis Ramsay;2;6;63;https://www.facebook.com/groups/cpcm.id/posts/573609305801544/
08/06/2025;Sharing;CPCM Inside Out;Card;0;Sharing;Real;Does any know the card bonus set worth/and each card or have a picture of the page for Inside out 2 and 100 years of wonder Disney?  Thanks !;Otis Ramsay;2;3;46;https://www.facebook.com/groups/cpcm.id/posts/573583242470817/
08/06/2025;Selling;Null;Null;0;Selling;Real;"Kali aja ada yang mau lanjutin .. 
Lok klp gdg";Stevi Gumulya;0;1;100;https://www.facebook.com/groups/cpcm.id/posts/533659136463228/
09/06/2025;Sharing;Null;Null;0;Sharing;Fake;Libur terakhir dimanfaatin sebanyak mungkin ges XD;Wicaksono Febrian;0;2;39;https://www.facebook.com/groups/cpcm.id/posts/574428555719619/
10/06/2025;Buying;CPCM Shinchan;Card;0;Buying;Real;WTB Shinchan Shinobi Edition, Tawar2in aja, or WTT dengan disney 100;Teja Putra Alvino;4;5;42;https://www.facebook.com/groups/cpcm.id/posts/575265165635958/
11/06/2025;Selling;CPCM Marvel Hawkeye;Card;1700000;Selling;Real;1.7Jt hawkeye, COD diutamakan;Endro Anindito;1;1;44;https://www.facebook.com/groups/cpcm.id/posts/575929468902861/
12/06/2025;Selling;Hello Kitty;Merchandise;0;Selling;Real;Dapet dari mesin claw wkwkw yg mau nampung, chat me aja;Deeniel Bhetel;0;1;40;https://www.facebook.com/groups/cpcm.id/posts/576690525493422/
13/06/2025;Buying;CPCM Disney 100 Monster University Limited Edition Metal Card;Card;;Buying;Real;WTB Disney 100 Monster University Limited Edition Metal Card, Diutamakan seri kecil;Rufaldi Liam;1;2;39;https://www.facebook.com/groups/cpcm.id/posts/577446882084453/
14/06/2025;Selling;Null;Null;0;Selling;Real;;Rama Dhonny;1;1;51;https://www.facebook.com/groups/cpcm.id/posts/591059490723192/
16/06/2025;Buying;CPCM Sanrio Joyfull;Card;0;Buying;Real;I am looking to trade some of my spare metal cards to get the ones missing from my collection.  Thanks!;Otis Ramsay;4;8;61;https://www.facebook.com/groups/cpcm.id/posts/579296545232820/
16/06/2025;Selling;CPCM Sanrio Joyfull;Card;300000;Selling;Real;Ambil semua 300k aja nego;Hanafi Cahyanto;0;2;33;https://www.facebook.com/groups/cpcm.id/posts/579684938527314/
17/06/2025;Trading;Tsum Tsum Family;Merchandise;0;Trading;Real;punya lebih, tuker sama kartu boleh sama tsum tsum family card chinese foil hehe;Ochi Rosidana;0;2;37;https://www.facebook.com/groups/cpcm.id/posts/580558538439954/
18/06/2025;Trading;Merchandise;Merchandise;0;Trading;Real;Looking to exchange my blind boxes for tickets or equivalent amount in cards. I offer any of these box for 80 percent of the lowest price you can find on the internet and then divide by 10 to get the number of tickets (using the conversion 100,000 tickets is 1 million rupiah).  So for example, I would sell hello kitty four seasons for (155,000*0.8)/10=12,400.  Thanks!;Otis Ramsay;4;2;56;https://www.facebook.com/groups/cpcm.id/posts/581664048329403/
18/06/2025;Trading;CPCM Disney 100;Card;0;Trading;Real;"Cari Barter :
Kartu Foil CPCM Disney 100th / Inside Out
(Seperti di foto di bawah)

Butuh nya :
1. bambi
2. snow white
3. peterpan
4. alice in wonderland
5. sleeping beauty
6. anger
7. fear
8. eunni
9. joy
10. disgust

Bisa ketemuan di CPCM MOI ya";Steven Sukarsa;2;1;87;https://www.facebook.com/groups/cpcm.id/posts/581544845007990/
20/06/2025;Sharing;Null;Complain;0;Sharing;Real;"Just wanted to complain: I was going to play this game and went to get coins and look quickly at other machines.  But one minute later, after a staff member saw me checking out the machine and the prize about to fall, she removed the boxes in front.   I know cow play moo
Is a business, but it is uncool changing the state of a game or resetting it, and unfair to players.  It’s hard enough winning prize rush when it is three coins per play.";Otis Ramsay;3;4;68;https://www.facebook.com/groups/cpcm.id/posts/581430868352721/
20/06/2025;Selling;Toy Story Figure;Merchandise;0;Selling;Real;Dapet dari mesin nih, yang mau koleksi bolehpm ya, jual persatuan atau ambil semua biar lebih murah, thanks;Yanita Mirna;0;2;39;https://www.facebook.com/groups/cpcm.id/posts/582845284877946/
23/06/2025;Selling;CPCM Metalic Card;Card;0;Selling;Real;Metallic card yang minat pm ya;Lucky Adrianto;1;0;73;https://www.facebook.com/groups/cpcm.id/posts/519963527832789/
23/06/2025;Selling;CPCM Tsum Tsum;;;Selling;Real;WTS Tsum2, 7 90 rb aja;Wade Kevin Ian;0;1;37;https://www.facebook.com/groups/cpcm.id/posts/584986521330489/
24/06/2025;Trading;CPCM Disney 100;Card;0;Trading;Real;on sale, bisa tuker tambah juga silahkan tawar2in;Fadlan Fauzan;3;3;34;https://www.facebook.com/groups/cpcm.id/posts/585840984578376/
24/06/2025;Trading;CPCM Disney 100;Card;0;Trading;Real;Yang mau tukeran Kartu Metallic Disney100 bisa chat di kolom komentar... Thank you;Kelvin Keliduan;2;2;82;https://www.facebook.com/groups/cpcm.id/posts/548540451641763/
24/06/2025;Selling;CPCM Marvel;Card;0;Selling;Real;Wts pm aja yang tertarik thank you 🙏;Darren Jeconiah;0;1;40;https://www.facebook.com/groups/cpcm.id/posts/585805764581898/
25/06/2025;Selling;CPCM Sanrio Joyfull;Card;0;Selling;Real;I finally finished the set and it would be a shame to just turn it into the amount of tickets cpcm since it is hard to complete.  Perhaps someone here is a collector and can make me a better offer?  The set is INDONESIAN CARDS, and I am asking for offers for tickets, money, tokens, or money on both the Singapore and Indonesian forums since I will be living in both countries next month.;Otis Ramsay;1;2;86;https://www.facebook.com/groups/cpcm.id/posts/586669451162196/
26/06/2025;;;;;;;"Cari/ butuh BO Uniform
Ini foto yg bisa di barter (saya doubel/ lebih)

Cod di PV / MOI

Makasih buat yg respon";Angelo Halomoan;1;1;64;https://www.facebook.com/groups/cpcm.id/posts/587190607776747/
26/06/2025;;;;;;;"Butuh / cari / barter
Metal Dream Castle yang di gambar ini

COD PV / MOI thx ya";Angelo Halomoan;1;3;93;https://www.facebook.com/groups/cpcm.id/posts/587196054442869/
26/06/2025;Buying;CPCM Dream Castle;Card;0;Selling;Real;"Metal Dream Castle yang di gambar ini

COD PV / MOI thx ya";Angelo Halomoan;6;5;56;https://www.facebook.com/groups/cpcm.id/posts/587196054442869/
26/06/2025;Trading;CPCM Shinchan;Card;0;Trading;Real;"Ini foto yg bisa di barter (saya doubel/ lebih)

Cod di PV / MOI

Makasih buat yg respon";Angelo Halomoan;1;2;45;https://www.facebook.com/groups/cpcm.id/posts/587190607776747/
26/06/2025;Selling;Lotso, Cloud, Heart;Card;300000;Selling;Real;Figurine lucu lotso plain , cloud , heart , star. 300k each :D;Intan Putri;1;2;28;https://www.facebook.com/groups/cpcm.id/posts/587399891089152/
30/06/2025;Selling;CPCM Disney 100;Card;0;Selling;Real;Dijual only ya, ready cod GS;Ikbal Wahy;0;1;40;https://www.facebook.com/groups/cpcm.id/posts/590769914085483/
01/07/2025;Trading;CPCM Hello Kitty;Card;0;Trading;Real;Ada yang punya metal hallokity bawa tulang sama pochaco tidur. Bisa tuker dengan metal di gambar 1 ya;Rama Dhonny;5;2;57;https://www.facebook.com/groups/cpcm.id/posts/591059497389858/
01/07/2025;Selling;CPCM Ticket;Ticket;85000;Selling;Real;"Promo liburan sekolah

10.000 tiket = Rp 85.000

50.000 tiket = Rp 415.000

100.000 tiket = Rp 800.000

ambil di atas 100.000 tiket bisa nego tipis.

Lebih bagus COD langsung di pluit village, kalau di PIK2 minimal pembelian 100.000 tiket sedangkan di MOI atau di carstenz minimal pembelian 200.000 tiket

Juga sedia jasa upgrade kartu anda dari kartu biasa ke gold, platinum, ruby dan diamond.

Silahkan pm untuk detailnya";Franz Petteson;1;3;54;https://www.facebook.com/groups/cpcm.id/posts/591462287349579/
01/07/2025;Selling;CPCM Diamond Card;Card;0;Selling;Real;"Kartu diamond CPCM + 2.6jt tiket
Cod / toped / shoppe
Lok tangerang

Wa 081380939109";Monic Mon;0;1;121;https://www.facebook.com/groups/cpcm.id/posts/499906416505167/
01/07/2025;Trading;CPCM Disney 100 Winnie The Pooh;Card;0;Trading;Real;WTT sama mickey atau dumbo;Mutia Padila;0;1;38;https://www.facebook.com/groups/cpcm.id/posts/591450800684061/
02/07/2025;Sharing;CPCM Disney 100;Card;0;Sharing;Real;Kekumpul sampe segini 😓;Reno Bagas;2;2;61;https://www.facebook.com/groups/cpcm.id/posts/592194570609684/
03/07/2025;;;;;;;crayon sinchan action kamen 50 ribu;Restu Pratiwi;0;1;39;https://www.facebook.com/groups/cpcm.id/posts/592979273864547/
05/07/2025;Selling;BayMax Figure;Merchandise;0;Selling;Real;WTS Baymax figurin + medalion, pm for price;Basagita Jakquin;0;2;41;https://www.facebook.com/groups/cpcm.id/posts/594308717064936/
07/07/2025;;;;;;;150 ribu untuk tsum2 summer family, COD cpcm pv;Um Faibian;0;3;36;https://www.facebook.com/groups/cpcm.id/posts/595921726903635/
08/07/2025;;;;;;;"Link tokped : tokopedia.com/chikopom 

Koleksi langka untuk para penggemar Spiderman Marvel & kolektor CPCM!

Dapatkan kartu metallic, foil dan transparent khusus yg Rare to Extremely Rare eksklusif karakter Spiderman, Venom dan Marvel dari Cow Play Cow Moo (CPCM)

Detail Produk:
Kartu: Metallic Card,Foil dan Transparent
️Rarity: Ada yg 1/110, 1/200, 1/300 

Asli dari mesin arcade CPCM Indonesia (bukan cetakan ulang atau tiruan)

Bonus free kartu transparent & keychain CPCM original, untuk total belanja 

minimum 250 ribu, free transparent card Marvel/Spiderman/Disney
minimum 500 ribu, free keychain RED minimum 750 ribu, free keychain GOLD, minimum 1 juta, free keychain PLATINUM/RUBY";Budi Prasetyo;0;5;61;https://www.facebook.com/groups/cpcm.id/posts/596792436816564/
08/07/2025;;;;;;;"# Disney Stitch & Scrump Fortune Limited Edition 

Tinggi nya 25 cm, harga 650k, ready tokped, shopee atau cod ya";Erwin Yjkkh;0;1;40;https://www.facebook.com/groups/cpcm.id/posts/596839893478485/
08/07/2025;;;;;;;Kali aja ada yang mahar semua;Rama Dhonny;1;3;72;https://www.facebook.com/groups/cpcm.id/posts/596928373469637/
09/07/2025;;;;;;;detik detik si kuning jatuh hahahaha;Enci Suh;0;2;44;https://www.facebook.com/groups/cpcm.id/posts/597472170081924/
10/07/2025;;;;;;;"Halo semua nitip naro listing ya siapa tau ada yang minat

Hamnn & Venom";Herlina Berlian;0;2;43;https://www.facebook.com/groups/cpcm.id/posts/598258240003317/
10/07/2025;;;;;;;"Kartu Metal Dream Castle
Karakter Alien
Boleh barter Lotso yang duduk (kuning)
COD PV , atau CPCM lain";Angelo Halomoan;0;4;62;https://www.facebook.com/groups/cpcm.id/posts/598051916690616/
11/07/2025;;;;;;;# Tsum Tsum summer party metallic, bisa tuker sama Summer Holiday atau dijual;Eka Rikiania;0;2;39;https://www.facebook.com/groups/cpcm.id/posts/599021199927021/
11/07/2025;;;;;;;Ada banyak stock yang mau mahar sesuai harga marketplace aja.;Rama Dhonny;0;5;51;https://www.facebook.com/groups/cpcm.id/posts/598903819938759/
12/07/2025;;;;;;;Coba tebak CPCM cabang mana ini;Franz Petteson;5;8;59;https://www.facebook.com/groups/cpcm.id/posts/599539183208556/
14/07/2025;;;;;;;WTS tsum tsum Daisy Sushi Metal;Renata Novita;1;2;36;https://www.facebook.com/groups/cpcm.id/posts/601101193052355/
15/07/2025;;;;;;;Lanjut lagi for sale, sushi edition :D;Renata Novita;0;3;31;https://www.facebook.com/groups/cpcm.id/posts/602016862960788/
16/07/2025;;;;;;;# Disney 100 Trophies Wave, harga pm aja thanks;Fabian Riski;0;2;28;https://www.facebook.com/groups/cpcm.id/posts/602666042895870/
17/07/2025;;;;;;;"Tiket CPCM, 

Harga tercantum adalah untuk per 10000 Tiket yaa

Bisa untuk outlet CPCM di Carstenz, Pluit Village, PIK2. 

Minimal penukaran = +-200.000

Mohon dibacaaa !!!

Sistem menggunakan sistem penukaran. Seller membantu buyer untuk menukarkan barang yg diinginkan. Dengan harga sesuai yang dipasang

Bisa konsultasi dulu…. Dan bisa COD !!!

Enjoyyyyyy";Joshua Erwin Rasubala;0;3;49;https://www.facebook.com/groups/cpcm.id/posts/603497536146054/
17/07/2025;;;;;;;"WTS
Ada yg minat ??
40k

Area Jakbar
Tq";LV Zhuo;7;4;71;https://www.facebook.com/groups/cpcm.id/posts/603387866157021/
17/07/2025;;;;;;;Very different cpcm in Singapore!  I literally saw two of the rarest cards in the first shin Chan machine near the edge.  Maybe not rare in Singapore;Otis Ramsay;3;4;61;https://www.facebook.com/groups/cpcm.id/posts/603509822811492/
17/07/2025;;;;;;;Metallic cards are also in blind boxes: you win a card and trade it in for the box.  Another difference is that their Disney railroad awards 2000, twice than in Indonesia 😡😡😡;Otis Ramsay;5;5;63;https://www.facebook.com/groups/cpcm.id/posts/603610632801411/
17/07/2025;;;;;;;Ada grup khusus (Tele/WA) player2 Joyful Sanrio ? Klo ada enak nih, bisa tuker2an kartu.;Joshua Erwin Rasubala;5;3;62;https://www.facebook.com/groups/cpcm.id/posts/603499479479193/
17/07/2025;;;;;;;"Barter yukkk... Ini stok double saya
Ketemuan di PV aja";Angelo Halomoan;3;4;77;https://www.facebook.com/groups/cpcm.id/posts/603602079468933/
17/07/2025;;;;;;;Another big difference with Singapore;Otis Ramsay;4;0;53;https://www.facebook.com/groups/cpcm.id/posts/603510252811449/
17/07/2025;;;;;;;authentic sanrio 😁;Haghia Sofia;0;2;25;https://www.facebook.com/groups/cpcm.id/posts/603380269491114/
19/07/2025;;;;;;;Pilih jual aja gold plated figurines versi hello kitty, harga offer aja ya thanks;Fedric Farid;0;2;28;https://www.facebook.com/groups/cpcm.id/posts/604975802664894/
21/07/2025;;;;;;;Jual medallion sisaan lagi, pixar dan spongebob, gratis ongkir harga 65k /pcs ambil semua ada diskon, siap rekber shopee atau tokopedia;Samuel Maxwell;0;2;31;https://www.facebook.com/groups/cpcm.id/posts/606508339178307/
22/07/2025;;;;;;;"Halo semua!
Biar lebih cepet komunikasi untuk tukeran kartu, jualan, atau ngobrol2 seputar cpcm yuk join group tele kita
[https://t.me/cpcmindo](https://t.me/cpcmindo)";William Vincent;0;6;28;https://www.facebook.com/groups/cpcm.id/posts/607165822445892/
22/07/2025;;;;;;;Edisi pensiun ada yang mau gantiin masih ada 1.5jt tiket;Rama Dhonny;4;5;68;https://www.facebook.com/groups/cpcm.id/posts/607301752432299/
25/07/2025;;;;;;;Kali ada yg mau tuker sama ular/macan, bisa sekalian mabar di PV :D;Renan Luthanto;0;2;27;https://www.facebook.com/groups/cpcm.id/posts/599658976529910/
25/07/2025;;;;;;;WTB Naughty Nice NATAL 1 SET, harga dibawah market ya;Anselma Riant;0;1;26;https://www.facebook.com/groups/cpcm.id/posts/607206652441809/
25/07/2025;;;;;;;Dijual edisi mau udahan main 😓;Maulida Agata;0;1;26;https://www.facebook.com/groups/cpcm.id/posts/608773348951806/
25/07/2025;;;;;;;"Daisy Duck Love Hand

Lucky Dragon POOH Edisi Rose Gold CPCM Cow Play Cow Moo

Borong lebih mantabh
Harga 750rb
Lokasi PV Pluit";Angelo Halomoan;2;1;48;https://www.facebook.com/groups/cpcm.id/posts/609346742227800/
25/07/2025;;;;;;;Boneka CPCM, new dengan tag nya @450rb;Edina Rekjo;0;2;24;https://www.facebook.com/groups/cpcm.id/posts/607936942368780/
26/07/2025;;;;;;;# Limited edition Mickey Minnie Mouse Tumbler, Harga 150rb aja, nego tipis :);Ferdina Lorissa Jinanda;0;2;25;https://www.facebook.com/groups/cpcm.id/posts/610179935477814/
28/07/2025;;;;;;;# Sushi stadium series Tobiko (Foil Laser + Tramsparent), harga pm aja ya thanks;Uriel Hafey;0;4;24;https://www.facebook.com/groups/cpcm.id/posts/611581208671020/
28/07/2025;;;;;;;"Final verdict: Singapore cowplaymoo have higher ticket/cheaper price payoffs.  There are a lot more diamond card players here since the games give more tickets, there are appreciation stars and moo points that are easy to earn (and unlike the measly 100 points we earn in Indoniesa per 10,000 on one machine, appreciation stars can give a ton, like 18,880 for 15 stars).  Machines require less tokens in general, give more credits, or give more tickets per win.  For example, ticket dome is loaded with tons of 500 rolls and even a few 1000 rolls for 3 tokens per play.  Cyclone is 2 balls per token.  Even over the edge and prize rush is only one token per play here (as opposed to the absurd 4 tokens in Jakarta). The staff are also more lenient with cards: even if there is a bridge and the cards haven't fallen in, the staff will gladly give you the cards.  I have also seen the machines break down more often here in favor of the player, with jackpots activating for no reason.  Personally, I have on video the Premier card button being stuck and the game (Spiderman, which has forced premium drop in Singapore), just spit out all of its contents until there were no cards left.  I paid very few topups under the cheapest option and was able to achieve Platinum quickly unlike in Indonesia.

But here is the catch, the staff is small and absolutely miserable.  I spoke to many staff member at five different CPCM locations and they are worked like slaves with very few people to help.  For example, at the major Suntec location, on a packed Sunday, the line had more than 15 people and there was one register open and was manned by a single kid who only worked a few days, was confused and overwhelmed.  The register is also in charge of converting your cards to tickets and checking set completion, also adding to the waittime.  Machines are often broken and staff members are unwilling to try to debug the machines and will wait until a technician to show up on a different day.  This is the reason why CPCM has so many 1 star reviews in Singapore: the staff is miserable and wait time is forever in every aspect of CPCM.  The prizes are also a lot more limited, the most expensive being worth 200,000 tickets.

Overall, in Singapore verse Indonesia, I still rather play in Singapore because it feels it is cheaper, less frugal, easier to win and that your tickets actually have value.  But my experience in Singapore makes me appreciate the staff in Indonesia more and that they really do make CPCM a lot better.";Otis Ramsay;3;3;49;https://www.facebook.com/groups/cpcm.id/posts/611994625296345/
28/07/2025;;;;;;;Akhir nya kekumpul segini buat koleksi Disney 100 wkwkw;Heri Suhagi;3;4;28;https://www.facebook.com/groups/cpcm.id/posts/611025795393228/
29/07/2025;;;;;;;# 100rb /each Cute Dragon/Space Blind Box;Nanda Karen Aulia;0;1;6;https://www.facebook.com/groups/cpcm.id/posts/612391251923349/
;;;;;;;cinnamorol cpcm @145k;Ferdina Lorissa Jinanda;0;1;56;https://www.facebook.com/groups/cpcm.id/posts/529559633539845/
